0
drove illegally pleads guilty causing death motorcycle pillion rider
"knocks company worker, 5km police chase telok blangah ensues"
"steal dealer drive home in, return day, boss dealer call police arrested grand theft auto?"
used commit crimes - st
"former company clerk jailed forging cheques, pocketing s$1m five"
real news $1million dollar company notice missing. cash coy rolling in???
"lazy past paywall: >rental firms stepping checks vehicles hired smuggle contraband cigarettes drugs zaihan mohamed yusof companies increasingly concerned hired criminal activities. impounded investigation, damaged arrest. >between 2014 year, central narcotics bureau (cnb) detained 70 vehicles investigations. >the latest case involving jan 13, police chased honda fit 5km arrested drug-related offence. >those trade problem fairly common. >mr elvin ang, 32, co-director elitez rental, said: ""i've seen 30 cases five years. drug-related."" >the involved jan 13 incident company, located macpherson road. >the straits times spoke 15 firms, rent everything hatchbacks luxury sedans. nine companies used smuggle contraband cigarettes drugs. >the companies usually call law enforcement agencies. >mr frankie chan dream leasing kaki bukit year, least ""three four"" impounded authorities drug-related probes. >said mr chan, 41, whose company fleet 70 cars: ""when hirer arrested goes missing, pay us? pay car's monthly instalments."" >police ""more 80 evasion cases"" checks january 2014 december 2015, 19 per cent involved vehicles. >cnb 289 vehicles detained investigations 2014 year, 25 per cent involved vehicles. >however, customs vehicles ""not commonly used"" smuggling contraband cigarettes. spokesman said: ""vehicles seized customs, subsequently ordered forfeited court, used mostly conveying, delivering storing duty-unpaid cigarettes."" >the spokesman involved vehicles. >mr peter cheong, president vehicle association (vra), unclear widespread problem. 200 vehicle firms, 30 vra members. >mr cheong, written ""four five"" appeal letters authorities release impounded cars, said: ""there unreported cases. members officially approach us, able help them."" >criminals target harder trace perpetrators crime, especially fake stolen identification used, added. >the vra recommends members accept cash-only payments. mr cheong said: ""most criminals credit cards. rent days pay cash. cash-only customer, alarms bells ringing."" >most firms vigilant. >if potential hirer's identification documents, including identity card, driver's licence credit card, match, eazi leasing rent fleet 100 cars. equipped global positioning system trackers immobilisers. >eazi's operations manager yolanda yang uses tracking software monitor car's location, especially encounters hirers act suspiciously. include potential hirers provide identity card photos match faces. >ms yang said: ""hirers act suspiciously sleep. never home middle night."" >but diligence, firm's involved 10 criminal cases five years, including vice- related activities. >mr chan industry blacklist company checks potential hirer's personal details list. >sometimes, ""reconnaissance team"" sent check behind wheel car. >mr chan said: ""we hirers park overnight hot spots sin ming ubi. assume workshops repairs."" >a hirer pay penalty $1,500 $2,000 breach contract allows undeclared drive car, driven malaysia prior approval. >rental companies bad news seized investigation. impounded, weeks, months, vehicle released, ms yang. costs company $100 lost revenue impounded. >but worse news that. >last august, dream leasing's - honda jazz - involved apparent drug-related collision. >the arrested fell unconscious seat. >mr chan added: ""it total loss. repair months left (on certificate entitlement). lost least $10,000."""
"congratulations passing. reasons rent yet. 1. 13 points spare 1 year. pretty easy demerit points nowadays. parking likely catch out, new driver. worth points own. mention red light camera. change amber red quickly. might reaction time deal it. 2. extremely expensive fix. small dent, small scrape, cost arm leg firm. rent car, aware damages car. photographed written down. unless experienced goes collect car, chances miss things used return car. salesman gloss damage collect it, big deal return car. works, aware it. 3. firms rent p-plates. do, require higher deposit higher insurance excess. uncommon hear excess 10k p-plate car. 4. wanna rent, bigger established firms. upfront honest dealings. prices higher. try makan hidden damages. tend newer / maintained. 5. driving p-plate unlike driving l-plate. motorists shit p-plate. cut lane anyhowly jam brake like. scary world there. free questions others willing advice you."
"39-year-old gets 14 months' jail stealing petrol, drug-related offences"
"hi! recent thread rental: * [car sg](https://www.reddit.com/r/singapore/comments/34i4gj/car_rental_in_sg/) /u/meowsq 5 months ago slightly older thread: * [any companies recommend?](https://www.reddit.com/r/singapore/comments/243dsm/any_car_rental_companies_to_recommend/) /u/redhair22 1 ago understand threads recent, suggestions outdated, good base anyway. anyone better suggestions reviews, free chime well! hope threads useful. [cheers! :)](https://38.media.tumblr.com/8a3c361cb82c3512d0a004c5e4634634/tumblr_n3mfgrvpf41rxzudco1_250.gif)"
"yes auto vans, expensive less companies field them. overseas rentals mostly stock autos too. point b? 3a driver/wrx tiong? learn 3 3a easier learn pass too."
"long run, owning cheaper ~~buying~~ renting car. factor phv drivers, 2 types rent long term basis. 1. expats. companies working pay rental. 2. idiots. afford downpayment insist ~~owning~~ driving car. edit: sorry brain fart there."
companies recommend?
"no, issue. method committing crimes, especially drug dealing common uk, belief caught, excuse ""not car, dunno it""."
cheap singapore?
pretty good. companies require monthly subscription plus sporadic users me.
"advice comprehensive insurance available company. case accident, reduce excess pay minimum. saying shitty driver, new gor windy piece road rubbernecking sights. stay safe, fun."
suggestion rent weekend(1 day)
> anyone applies american card holders? citibank card holder? log moment forgot password 5am typing :p applies american card holders. excess coverage. cost extra $1000. aia sells it. buy excess coverage agency. charging insurance agencies money.
electric rentsl company singapore. recall name though located bouna vista
"happened car. asked $4, $40 pumped in. emailed agreement, location place, return time, fuel level supposed return petrol receipt + previous receipts show overfill tank. refund cash petrol"
>not planning buying wise choice > option sg? be...(?) b sufficient enough places. unless seriously wanna avoid squeezing together crowds. :p
"everything word ""wedding"" front automatic 200% increase price (or more). wedding car, wedding cake, wedding shoot, wedding dress. genuinely reason allowed normal wedding drive road per normal. decor crazy also, ribbon, nice gauze, flowers (can fake), artsy friend ownself decor. saves lot."
"difficult manual transmission spend lots time used (as compared modern manuals, newer fords - idiot proof automatically rev match highway speed downshifts restart engine stall). privilege assigned booked ""small-to-medium sized"" developing country. hell small medium, passengers stretched slept babies. 400k miles drove rode dream."
""
"passed driving test, advices renting."
ah beng service ah
"hi wiisdomtooth, drivesg here, hope help way. true dealerships rent single weekends. partners rent 1 weekends, hefty requirements (eg. age) carousell might alternative, though heard carousell removed listings rentals product sold per se. questions, happy help shed light help. ps: mind taking weekend keen renting, free us, hook welcome discount."
"calculate renting expensive per unit time compared owning. pass financial risk ownership company, return, charge extra helping carry risk."
""
"well, 'remedies' 1) put different card different sides 'overlap' 2) buy special anti rfid card sleeves sleeve card(s) ezlink"
"company https://www.hongseh.com.sg/contact.html local company tons exotic rent, depending budget."
"driven malaysia couple times, generally power. wifey paranoid says robbed car. (i disagree, happy) driven porsche autobahn. germans far best comes etiquette. passed wagons 240km/h"
exotic tourist
insurance providers singapore?
"> ven credit cards benefits, cover loss/collision damage waiver. buy liability insurance. > 1k 3k coverage thanks clarification. renting new zealand"
mistake. aia. mine allianz provided website used reservation.
"tried yet, looks promising. peer-to-peer rental. http://www.icarsclub.com/ decide pool system, try providers whizzcar.com carclub.com.sg (not confused link above) fun!"
nope. thinking sometime month. hah (i researching rentals well).
"insurance usually included along optional supplement reduce deductible. problem uk. europe asia follow system singapore. wondering uk, pretty stuck hire company offers you. parents hosed insurance visit canada us/uk leisure (corporate rates usually include insurance), paying typically $30 per liability basic collision. comparison, us/canadian owners typically liability insurance countries personal auto insurance policies credit cards collision coverage rentals."
literally [*countless* rentals](https://www.google.com/search?hl=en&q=singapore rental&meta=&gws_rd=ssl).
"obligations contract fulfilled completely precisely, contract considered breached. &#x200b; written agreement dad employee stated alright park earlier, accepted part contract depending initial contract dad was, known parole evidence rule. &#x200b; $400, considers damages, called liquidated damages clause. . however, whether reasonable depends factors well. &#x200b; disclaimer: ianal meant legal advice."
money paid early issue mean. though giving keys desk pay considered early return?
"myself, essentially 25 restricted terms rent reputable companies (small hatchbacks manual transmission). insurance companies europe cover auto larger young companies rent them."
"possible considerably expensive used north america, although roads narrower driving occurs 'wrong' side road scares :)"
"> option sg? discussing rentals colleague yesterday - nope, long term works buying here. upside pay 50% downpayment required coe, beyond renting works cost buying one."
"advice: secure job contract first. expats sometimes sizeable travel allowance allows rent 24/7. intend save money however, yes one/two pretty expensive too. week, might reasonable."
"moved teens, means learning, early driving, renting done here. driving somewhat scary transition xd"
"automotive rent company age necessities, rent folks twenty five sixty five. 21-25, probably possess pay young fee. [car rental](https://silverbackautomotive.com/) hire automotive|[rent-a-car](https://silverbackautomotive.com/)|[self-drive](https://silverbackautomotive.com/)|[u-drive](https://silverbackautomotive.com/)|you-drive|[lease](https://silverbackautomotive.com/)|[rental](https://silverbackautomotive.com/)|letting} corporations twenty rent car. underneath twenty five typically charged ($15-$40/day). charges young drivers."
scammed company
thanks! small companies singapore? research :)
rent 21 year-old
"purchased excess reduction rent overseas (australia new zealand), wondering save exorbitant premium purchasing 3rd party insurance plan singapore. instance, ntuc income travel insurance covers $2000 (iirc) excess."
"passed 3a recently 2 weeks ago! suggest 3a, position considering. me, practically useless 3 dont right future, amount manual options lesser lesser. amount lessons used learn manual normally cost license higher (if cost important aspect learning). easier pass auto driving test well. took 19 lessons, 1 practice lessons tp test ssdc. furthermore myth(?!?) able rent overseas 3a true all(based research). lastly private route, good instructor based recommendation."
"common rent cars. big name places charge much. http://www.chans.com.sg recommend them. used 2yr rental, brother law using while. good service. pay 1500-2000 month basic car."
fuel pumped gas -- options?
return condition no. note normal grimey dirty. anyway ask friend lend car?
"experienced two types fuel policy cars. (1) tank, return tank. return tank, billed cost fuel market rates. typical big companies airports. (2) whatever tank return 1/4 tank. fuel included rental, instead maximum mileage per day. common small, hourly rentals deal employee. policy return reserve indicator pay pocket seems inconvenient. suspect taking advantage breakage return substantially requirement. happen two schemes listed above."
"recommend using cars. learner equipped instructor brakes prevent accidents normal have. case accident, comes less security rentee, pay pocket things, generally schools enough insurance cover costs involved nominal charge you."
question wedding rentals
""
questions overseas insurance
"done drive.sg, right basically number different companies umbrella, others. personally experience pretty ok, exactly awesomely polite / joyful / happy, transaction curt brisk, that."
clearly making enough money alternate revenue stream. obvious charging points idling used cars.
"racially homogeneous, xenophobic country japan, simplest govt subsidize rentals couple newborn elders, it. unfortunately, not. not, government intervene artificially maintain ethnic ratios, never happen. angle, realize government keeps giving goodies rich, immigrants predominately certain country. (btw benefit state things, shame talking it)"
recommendations travel insurance generous excess coverage (or standalone excess insurance)?
advertisements daily rent though🤔 haven’t done research looking websites carousell
