0
former minister state lam pin joins firm lumens adviser
"nothing wrong hawking wares, instagram motivation quotes formal wear dead giveaway. real entrepreneurs don’t pose suits, ties flashy it’s probably mlm sign"
">cutting lane either side bike/pmd/pma friendly, mitigates effect traffic, incentivize pmd/bike adoption instead cars. traffic amk generally congested terrible. especially peak hours. cutting lanes feasible idea."
older less safety features compared cars. safety features crumple zones airbags bit space.
"suggest ahead licence. owning expensive, renting isn't. plenty options there."
"i’ve put ads relief now, nobody rent car, especially also. abit tough.."
"mean using apple pay tap phone tap watch, different cards registered?"
"ya, said, fully support electric cars, commented posted evs previously, called fanboy nonetheless, musk trust. stocks tesla too. point is, vios 7 left price worse. don’t penalise existing owners less 5 ago, elon musk unwelcoming. finances sales launched worth financially now. losses worth charging network joke, live near two charging points still. protecting oil companies."
